[
  {
    "id": "ba4dc43b-9527-4371-8adb-260181e21b5c",
    "data": [
      {
        "text": "Create trip ",
        "userDefined": false
      },
      {
        "text": "Spain",
        "alias": "group_name",
        "meta": "@sys.any",
        "userDefined": true
      }
    ],
    "isTemplate": false,
    "count": 0,
    "updated": 0
  },
  {
    "id": "5e97f9c7-c16d-4012-92da-24003ea68e89",
    "data": [
      {
        "text": "Create trip ",
        "userDefined": false
      },
      {
        "text": "US",
        "alias": "group_name",
        "meta": "@sys.any",
        "userDefined": true
      },
      {
        "text": " with ",
        "userDefined": false
      },
      {
        "text": "USD",
        "alias": "currency_name",
        "meta": "@sys.currency-name",
        "userDefined": true
      }
    ],
    "isTemplate": false,
    "count": 0,
    "updated": 0
  },
  {
    "id": "0fd06e6d-9315-4be1-9c86-fd573e3cd0c7",
    "data": [
      {
        "text": "Create trip ",
        "userDefined": false
      },
      {
        "text": "hayhay",
        "alias": "group_name",
        "meta": "@sys.any",
        "userDefined": true
      },
      {
        "text": " with ",
        "userDefined": false
      },
      {
        "text": "chf",
        "alias": "currency_name",
        "meta": "@sys.currency-name",
        "userDefined": true
      },
      {
        "text": " as ",
        "userDefined": false
      },
      {
        "text": "James",
        "alias": "name",
        "meta": "@sys.given-name",
        "userDefined": true
      }
    ],
    "isTemplate": false,
    "count": 0,
    "updated": 0
  },
  {
    "id": "50393d33-050b-4b22-812d-f41d649027da",
    "data": [
      {
        "text": "Create trip ",
        "userDefined": false
      },
      {
        "text": "xyz",
        "alias": "group_name",
        "meta": "@sys.any",
        "userDefined": true
      },
      {
        "text": " with ",
        "userDefined": false
      },
      {
        "text": "hkd",
        "alias": "currency_name",
        "meta": "@sys.currency-name",
        "userDefined": true
      },
      {
        "text": " as ",
        "userDefined": false
      },
      {
        "text": "Sam",
        "alias": "name",
        "meta": "@sys.given-name",
        "userDefined": true
      }
    ],
    "isTemplate": false,
    "count": 0,
    "updated": 0
  },
  {
    "id": "8bd82a34-9eba-4866-a4ec-f0ffb0ef1c97",
    "data": [
      {
        "text": "Create ",
        "userDefined": false
      },
      {
        "text": "Food Trip",
        "alias": "group_name",
        "meta": "@sys.any",
        "userDefined": true
      },
      {
        "text": " as ",
        "userDefined": false
      },
      {
        "text": "Martin",
        "alias": "name",
        "meta": "@sys.given-name",
        "userDefined": true
      }
    ],
    "isTemplate": false,
    "count": 0,
    "updated": 0
  },
  {
    "id": "5512b2a6-6707-4f33-8c5a-ceca70483b19",
    "data": [
      {
        "text": "Start ",
        "userDefined": false
      },
      {
        "text": "China Trip",
        "alias": "group_name",
        "meta": "@sys.any",
        "userDefined": true
      },
      {
        "text": " with ",
        "userDefined": false
      },
      {
        "text": "cny",
        "alias": "currency_name",
        "meta": "@sys.currency-name",
        "userDefined": true
      }
    ],
    "isTemplate": false,
    "count": 0,
    "updated": 0
  },
  {
    "id": "b1691c20-af89-4894-b84d-533f5c47cd38",
    "data": [
      {
        "text": "Create trip ",
        "userDefined": false
      },
      {
        "text": "London",
        "alias": "group_name",
        "meta": "@sys.any",
        "userDefined": true
      },
      {
        "text": " with default currency ",
        "userDefined": false
      },
      {
        "text": "gbp",
        "alias": "currency_name",
        "meta": "@sys.currency-name",
        "userDefined": true
      }
    ],
    "isTemplate": false,
    "count": 0,
    "updated": 0
  },
  {
    "id": "69675fab-75bc-4549-a5e7-6882dcd395a1",
    "data": [
      {
        "text": "Create group ",
        "userDefined": false
      },
      {
        "text": "fantastic 4",
        "alias": "group_name",
        "meta": "@sys.any",
        "userDefined": true
      }
    ],
    "isTemplate": false,
    "count": 0,
    "updated": 0
  },
  {
    "id": "2601be2e-985d-444c-b476-c6db907dd9ab",
    "data": [
      {
        "text": "Create trip ",
        "userDefined": false
      },
      {
        "text": "South America",
        "alias": "group_name",
        "meta": "@sys.any",
        "userDefined": true
      },
      {
        "text": " in ",
        "userDefined": false
      },
      {
        "text": "usd",
        "alias": "currency_name",
        "meta": "@sys.currency-name",
        "userDefined": true
      }
    ],
    "isTemplate": false,
    "count": 0,
    "updated": 0
  },
  {
    "id": "d2381ec0-5edc-4315-ae79-40a33650b227",
    "data": [
      {
        "text": "Create group ",
        "userDefined": false
      },
      {
        "text": "happy trip",
        "alias": "group_name",
        "meta": "@sys.any",
        "userDefined": true
      }
    ],
    "isTemplate": false,
    "count": 0,
    "updated": 0
  },
  {
    "id": "74a9f53c-1a3a-43ad-98e0-a5f1bab9ff1c",
    "data": [
      {
        "text": "Create trip ",
        "userDefined": false
      },
      {
        "text": "London",
        "alias": "group_name",
        "meta": "@sys.any",
        "userDefined": true
      },
      {
        "text": ".",
        "userDefined": false
      }
    ],
    "isTemplate": false,
    "count": 0,
    "updated": 0
  }
]