[
  {
    "id": "160c48ed-6141-498b-90a5-a095d4542dad",
    "data": [
      {
        "text": "How much I owe ",
        "userDefined": false
      },
      {
        "text": "Alan",
        "alias": "names",
        "meta": "@sys.given-name",
        "userDefined": true
      },
      {
        "text": " ?",
        "userDefined": false
      }
    ],
    "isTemplate": false,
    "count": 0,
    "updated": 0
  },
  {
    "id": "911709f5-4f58-4d1f-825c-550d2f6b85f3",
    "data": [
      {
        "text": "How much ",
        "userDefined": false
      },
      {
        "text": "HKD",
        "alias": "currency",
        "meta": "@sys.currency-name",
        "userDefined": true
      },
      {
        "text": " I have to pay ",
        "userDefined": false
      },
      {
        "text": "Alex",
        "alias": "names",
        "meta": "@sys.given-name",
        "userDefined": true
      },
      {
        "text": "?",
        "userDefined": false
      }
    ],
    "isTemplate": false,
    "count": 0,
    "updated": 0
  },
  {
    "id": "8125e02d-dfa9-44dd-b4ee-ce9b530b4ebe",
    "data": [
      {
        "text": "How much I owe ",
        "userDefined": false
      },
      {
        "text": "Sam",
        "alias": "names",
        "meta": "@sys.given-name",
        "userDefined": false
      },
      {
        "text": "?",
        "userDefined": false
      }
    ],
    "isTemplate": false,
    "count": 0,
    "updated": 0
  },
  {
    "id": "92a1488a-6313-46d6-babd-948259e7eb1b",
    "data": [
      {
        "text": "How much ",
        "userDefined": false
      },
      {
        "text": "usd",
        "alias": "currency",
        "meta": "@sys.currency-name",
        "userDefined": true
      },
      {
        "text": " should I pay ",
        "userDefined": false
      },
      {
        "text": "Candy",
        "meta": "@sys.ignore",
        "userDefined": true
      },
      {
        "text": " and ",
        "userDefined": false
      },
      {
        "text": "Sally",
        "alias": "names",
        "meta": "@sys.given-name",
        "userDefined": true
      },
      {
        "text": "?",
        "userDefined": false
      }
    ],
    "isTemplate": false,
    "count": 0,
    "updated": 0
  },
  {
    "id": "9623d5f7-99fd-4961-b2d1-becb7cfbd971",
    "data": [
      {
        "text": "How much did I owe ",
        "userDefined": false
      },
      {
        "text": "Wang",
        "alias": "names",
        "meta": "@sys.given-name",
        "userDefined": true
      },
      {
        "text": "?",
        "userDefined": false
      }
    ],
    "isTemplate": false,
    "count": 0,
    "updated": 0
  }
]