[
  {
    "id": "b13fe394-e340-4296-849c-f07ea76cb88a",
    "data": [
      {
        "text": "Join trip ",
        "userDefined": false
      },
      {
        "text": "freedom",
        "alias": "group_name",
        "meta": "@sys.any",
        "userDefined": true
      },
      {
        "text": " as ",
        "userDefined": false
      },
      {
        "text": "Sam",
        "alias": "name",
        "meta": "@sys.given-name",
        "userDefined": false
      }
    ],
    "isTemplate": false,
    "count": 0,
    "updated": 0
  },
  {
    "id": "8a692f1a-6df7-408c-b00e-2cce2f5fb6d3",
    "data": [
      {
        "text": "Join group ",
        "userDefined": false
      },
      {
        "text": "james trip",
        "alias": "group_name",
        "meta": "@sys.any",
        "userDefined": true
      },
      {
        "text": " as ",
        "userDefined": false
      },
      {
        "text": "Francis",
        "alias": "name",
        "meta": "@sys.given-name",
        "userDefined": true
      }
    ],
    "isTemplate": false,
    "count": 0,
    "updated": 0
  },
  {
    "id": "3921fcde-10a9-4eda-9fc4-dd6650addc9a",
    "data": [
      {
        "text": "Join Group ",
        "userDefined": false
      },
      {
        "text": "crazy people",
        "alias": "group_name",
        "meta": "@sys.any",
        "userDefined": true
      },
      {
        "text": " as ",
        "userDefined": false
      },
      {
        "text": "Allen",
        "alias": "name",
        "meta": "@sys.given-name",
        "userDefined": true
      }
    ],
    "isTemplate": false,
    "count": 0,
    "updated": 0
  },
  {
    "id": "f94bb4dd-32b1-411f-b0a4-6f2bb17b4bb3",
    "data": [
      {
        "text": "Join group ",
        "userDefined": false
      },
      {
        "text": "paris",
        "alias": "group_name",
        "meta": "@sys.any",
        "userDefined": true
      },
      {
        "text": " as ",
        "userDefined": false
      },
      {
        "text": "Peter",
        "alias": "name",
        "meta": "@sys.given-name",
        "userDefined": true
      }
    ],
    "isTemplate": false,
    "count": 0,
    "updated": 0
  },
  {
    "id": "eb1e0b77-0593-4390-b4b5-0a231941b478",
    "data": [
      {
        "text": "Join trip ",
        "userDefined": false
      },
      {
        "text": "london",
        "alias": "group_name",
        "meta": "@sys.any",
        "userDefined": true
      }
    ],
    "isTemplate": false,
    "count": 0,
    "updated": 0
  }
]