[
  {
    "id": "a65c3e0e-1f21-4a93-a5f3-27e20556a423",
    "data": [
      {
        "text": "How much ",
        "userDefined": false
      },
      {
        "text": "James",
        "alias": "names",
        "meta": "@sys.given-name",
        "userDefined": true
      },
      {
        "text": " owe me",
        "userDefined": false
      }
    ],
    "isTemplate": false,
    "count": 0,
    "updated": 0
  },
  {
    "id": "c759c2ef-a72e-4a1d-b83c-eebdc89e287e",
    "data": [
      {
        "text": "How much ",
        "userDefined": false
      },
      {
        "text": "Ken",
        "alias": "names",
        "meta": "@sys.given-name",
        "userDefined": true
      },
      {
        "text": " owe me",
        "userDefined": false
      }
    ],
    "isTemplate": false,
    "count": 0,
    "updated": 0
  },
  {
    "id": "d9640b4c-4395-43e0-85d9-2bcd31a56969",
    "data": [
      {
        "text": "How much ",
        "userDefined": false
      },
      {
        "text": "chf",
        "alias": "currency",
        "meta": "@sys.currency-name",
        "userDefined": true
      },
      {
        "text": " did ",
        "userDefined": false
      },
      {
        "text": "Chris",
        "alias": "names",
        "meta": "@sys.given-name",
        "userDefined": true
      },
      {
        "text": " need to pay me back?",
        "userDefined": false
      }
    ],
    "isTemplate": false,
    "count": 0,
    "updated": 0
  },
  {
    "id": "bece5afe-f7d5-478e-a4ac-5228c989b02c",
    "data": [
      {
        "text": "How much should ",
        "userDefined": false
      },
      {
        "text": "Terry",
        "meta": "@sys.ignore",
        "userDefined": false
      },
      {
        "text": " and ",
        "userDefined": false
      },
      {
        "text": "Parry",
        "alias": "names",
        "meta": "@sys.given-name",
        "userDefined": true
      },
      {
        "text": " pay me?",
        "userDefined": false
      }
    ],
    "isTemplate": false,
    "count": 0,
    "updated": 0
  },
  {
    "id": "a7c8d137-3bda-4bbb-9122-d71d925233d7",
    "data": [
      {
        "text": "How much ",
        "userDefined": false
      },
      {
        "text": "JPY",
        "alias": "currency",
        "meta": "@sys.currency-name",
        "userDefined": true
      },
      {
        "text": " did ",
        "userDefined": false
      },
      {
        "text": "Henry",
        "alias": "names",
        "meta": "@sys.given-name",
        "userDefined": false
      },
      {
        "text": " owes me?",
        "userDefined": false
      }
    ],
    "isTemplate": false,
    "count": 0,
    "updated": 0
  }
]