[
  {
    "id": "dbbc07cc-93ac-4b1d-88e2-32433ef4f391",
    "data": [
      {
        "text": "I paid ",
        "userDefined": false
      },
      {
        "text": "400",
        "alias": "amount",
        "meta": "@sys.number",
        "userDefined": true
      },
      {
        "text": " ",
        "userDefined": false
      },
      {
        "text": "yen",
        "alias": "currency",
        "meta": "@sys.currency-name",
        "userDefined": true
      },
      {
        "text": " to Katie.",
        "userDefined": false
      }
    ],
    "isTemplate": false,
    "count": 0,
    "updated": 0
  },
  {
    "id": "7ff82c45-2748-4bfe-a7d9-2ee5e846dad8",
    "data": [
      {
        "text": "Pay ",
        "userDefined": false
      },
      {
        "text": "34.6",
        "alias": "amount",
        "meta": "@sys.number",
        "userDefined": true
      },
      {
        "text": " to ",
        "userDefined": false
      },
      {
        "text": "Ray",
        "alias": "name",
        "meta": "@sys.given-name",
        "userDefined": true
      }
    ],
    "isTemplate": false,
    "count": 0,
    "updated": 0
  },
  {
    "id": "c86d85ba-b92e-461a-825f-4f2011c85375",
    "data": [
      {
        "text": "Paid ",
        "userDefined": false
      },
      {
        "text": "100",
        "alias": "amount",
        "meta": "@sys.number",
        "userDefined": true
      },
      {
        "text": " ",
        "userDefined": false
      },
      {
        "text": "usd",
        "alias": "currency",
        "meta": "@sys.currency-name",
        "userDefined": true
      },
      {
        "text": " to ",
        "userDefined": false
      },
      {
        "text": "cindy",
        "alias": "name",
        "meta": "@sys.given-name",
        "userDefined": true
      }
    ],
    "isTemplate": false,
    "count": 0,
    "updated": 0
  }
]