[
  {
    "id": "aef7ab0a-ea43-4ad4-9b74-9b0f45a29b04",
    "data": [
      {
        "text": "spending report",
        "userDefined": false
      }
    ],
    "isTemplate": false,
    "count": 0,
    "updated": 0
  },
  {
    "id": "bba3eebd-9061-45a6-8e41-3b1d2aa75e03",
    "data": [
      {
        "text": "send me the report",
        "userDefined": false
      }
    ],
    "isTemplate": false,
    "count": 0,
    "updated": 0
  },
  {
    "id": "ecc61af8-90a5-4f12-9091-bc6da8096d12",
    "data": [
      {
        "text": "May I have the report?",
        "userDefined": false
      }
    ],
    "isTemplate": false,
    "count": 0,
    "updated": 0
  }
]